{
  "project_info": {
    "project_number": "641620426911",
    "firebase_url": "https://moviekuy-5cc7d.firebaseio.com",
    "project_id": "moviekuy-5cc7d",
    "storage_bucket": "moviekuy-5cc7d.appspot.com"
  },
  "client": [
    {
      "client_info": {
        "mobilesdk_app_id": "1:641620426911:android:b1997985bcf285f3",
        "android_client_info": {
          "package_name": "com.arnaldo.movies"
        }
      },
      "oauth_client": [
        {
          "client_id": "641620426911-abhua6ghseiao9ciupcf50bgpcj4nk2q.apps.googleusercontent.com",
          "client_type": 1,
          "android_info": {
            "package_name": "com.arnaldo.movies",
            "certificate_hash": "9ec1e484c4ece4e05f96d299f98fe42096311728"
          }
        },
        {
          "client_id": "641620426911-kfqredang9og13n20cjgadlmlqql0gur.apps.googleusercontent.com",
          "client_type": 3
        }
      ],
      "api_key": [
        {
          "current_key": "AIzaSyB6E24u7aTl9t0Q84HMKHF0YWO9DLT6Kw0"
        }
      ],
      "services": {
        "analytics_service": {
          "status": 1
        },
        "appinvite_service": {
          "status": 2,
          "other_platform_oauth_client": [
            {
              "client_id": "641620426911-kfqredang9og13n20cjgadlmlqql0gur.apps.googleusercontent.com",
              "client_type": 3
            }
          ]
        },
        "ads_service": {
          "status": 2
        }
      }
    }
  ],
  "configuration_version": "1"
}